iter	Logloss
0	0.6417839463
1	0.6005042718
2	0.5661564491
3	0.5378389311
4	0.5129162336
5	0.4933187147
6	0.4758208607
7	0.4526289101
8	0.4338927465
9	0.4176321177
